{
  "company": {
    "name": "ИТ УЛУКИНТЕРНЕШЕНЛ",
    "city": "г. Бишкек",
    "address": "ул. Ахунбаева 187",
    "phone": "0706916367",
    "whatsapp": "0706916367",
    "telegram": "0706916367",
    "email": "info@ulukinternational.kg"
  },
  "hero": {
    "tagline": "Цифровые решения мирового уровня",
    "subtitle": "Разрабатываем инновационные IT-продукты для роста вашего бизнеса",
    "cta": "Начать проект"
  },
  "about": {
    "headline": "Технологии, которые меняют бизнес",
    "text": "ИТ УЛУКИНТЕРНЕШЕНЛ — ведущая IT-компания в Бишкеке, специализирующаяся на разработке веб-приложений, мобильных решений и автоматизации бизнес-процессов. Мы объединяем передовые технологии с глубоким пониманием потребностей бизнеса, создавая решения, которые работают."
  },
  "services": [
    {
      "icon": "🚀",
      "title": "Веб-разработка",
      "desc": "Создаем современные веб-приложения и корпоративные порталы с уникальным дизайном и безупречной функциональностью"
    },
    {
      "icon": "📱",
      "title": "Мобильные приложения",
      "desc": "Разрабатываем нативные и кроссплатформенные приложения для iOS и Android с фокусом на UX"
    },
    {
      "icon": "⚡",
      "title": "Автоматизация бизнеса",
      "desc": "Внедряем CRM, ERP системы и создаем индивидуальные решения для оптимизации рабочих процессов"
    },
    {
      "icon": "🎨",
      "title": "UI/UX дизайн",
      "desc": "Проектируем интерфейсы, которые пользователи любят — от исследования до финальной реализации"
    },
    {
      "icon": "☁️",
      "title": "Облачные решения",
      "desc": "Миграция в облако, настройка инфраструктуры и DevOps для масштабируемых проектов"
    },
    {
      "icon": "🔒",
      "title": "IT-консалтинг",
      "desc": "Аудит существующих систем, разработка стратегии цифровизации и технологическая экспертиза"
    }
  ],
  "cases": [
    {
      "title": "E-commerce платформа для региональной сети магазинов",
      "task": "Создать онлайн-магазин с интеграцией складского учета и доставки для сети из 15 точек",
      "solution": "Разработали кастомную платформу на базе современного стека с микросервисной архитектурой, интегрировали с 1С и системами логистики",
      "result": "Рост онлайн-продаж на 340% за 6 месяцев, сокращение времени обработки заказов на 65%"
    },
    {
      "title": "CRM-система для туристического агентства",
      "task": "Автоматизировать работу с клиентами, бронирование туров и финансовый учет",
      "solution": "Внедрили индивидуальное решение с мобильным приложением для менеджеров и клиентским порталом",
      "result": "Увеличение конверсии на 45%, экономия 20 часов рабочего времени менеджеров в неделю"
    },
    {
      "title": "Мобильное приложение для сети фитнес-клубов",
      "task": "Создать приложение для записи на занятия, отслеживания прогресса и коммуникации с тренерами",
      "solution": "Разработали iOS и Android приложения с интеграцией систем контроля доступа и онлайн-оплаты",
      "result": "40 000+ загрузок за первые 3 месяца, повышение удержания клиентов на 28%"
    }
  ],
  "testimonials": [
    {
      "name": "Азамат Исаев, CEO TechMart",
      "text": "Команда УЛУКИНТЕРНЕШЕНЛ создала для нас мощную e-commerce платформу. Профессионализм, соблюдение сроков и отличный результат. Рекомендуем!"
    },
    {
      "name": "Айгуль Сманова, директор TourAsia",
      "text": "Внедрение CRM полностью изменило нашу работу. Теперь все процессы прозрачны и автоматизированы. Отдельное спасибо за обучение персонала."
    },
    {
      "name": "Марат Токтогулов, владелец сети FitLife",
      "text": "Мобильное приложение превзошло все ожидания. Клиенты в восторге, количество записей выросло в разы. Планируем дальнейшее сотрудничество."
    }
  ],
  "faq": [
    {
      "q": "Сколько времени занимает разработка проекта?",
      "a": "Сроки зависят от сложности: лендинг — 2-3 недели, корпоративный сайт — 1-2 месяца, веб-приложение или CRM — от 3 месяцев. Точные сроки определяем после анализа требований."
    },
    {
      "q": "Предоставляете ли вы техподдержку после запуска?",
      "a": "Да, мы предлагаем различные пакеты техподдержки: от базового (исправление критических ошибок) до расширенного (развитие функционала, консультации, мониторинг 24/7)."
    },
    {
      "q": "Работаете ли вы с клиентами из других городов и стран?",
      "a": "Конечно! У нас налажены процессы удаленной работы. Взаимодействуем через видеоконференции, используем современные инструменты для управления проектами."
    },
    {
      "q": "Какие технологии вы используете?",
      "a": "Мы работаем с современным стеком: React, Vue, Node.js, Python, PHP, React Native, Flutter, PostgreSQL, MongoDB и другими. Выбор технологий зависит от специфики проекта."
    },
    {
      "q": "Можно ли начать с MVP и развивать проект постепенно?",
      "a": "Да, мы активно практикуем agile-подход. Создаем минимально жизнеспособный продукт, запускаем его, собираем обратную связь и развиваем функционал итерациями."
    }
  ]
}
